<Bindings>
	<Binding name="FASTQUEST_T" header="FASTQUEST">
		FastQuest_Tag();
	</Binding>
	<Binding name="FASTQUEST_F">
		FastQuest_Format();
	</Binding>
	<Binding name="FASTQUEST_AOUTP">
		 FastQuest_SlashCmd("autonotify");
	</Binding>
	<Binding name="FASTQUEST_AOUTC">
		FastQuest_SlashCmd("autocomplete");
	</Binding>
	<Binding name="FASTQUEST_AOUTA">
		FastQuest_SlashCmd("autoadd");
	</Binding>
	<Binding name="FASTQUEST_NOHEADERS">
		FastQuest_SlashCmd("unlock");
	</Binding>
</Bindings>
