<Ui xmlns="http://www.blizzard.com/wow/ui/">
  <Include file="..\compat\pfUI.lua"/>
  <Include file="..\compat\client.lua"/>
  <Include file="..\overwrites.lua"/>
  <Include file="..\locales.lua"/>
  <Include file="..\config.lua"/>
  <Include file="..\slashcmd.lua"/>
  <Include file="..\database.lua"/>
  <Include file="..\map.lua"/>
  <Include file="..\quest.lua"/>
  <Include file="..\route.lua"/>
  <Include file="..\tracker.lua"/>
  <Include file="..\browser.lua"/>
  <Include file="..\journal.lua"/>
  <Include file="..\updatenotify.lua"/>
</Ui>
